id,givenName,surname,fullName,female,male,dateOfBirth,dateOfDeath
0-0,Anthony,Blanchard,Anthony Blanchard,false,true,1923-07-14,2005-01-09
0-1,Angela,Blanchard,Angela Blanchard,true,false,1917-01-06,1990-06-07
0-10,Jennifer,Blanchard,Jennifer Blanchard,true,false,1945-08-20,
0-100,Lisa2,Blanchard,Lisa2 Blanchard,true,false,1969-01-06,
0-1005,Ashley5,Blanchard,Ashley5 Blanchard,true,false,1983-06-14,
0-101,Natalie,Barton,Natalie Barton,true,false,1984-10-21,
0-1014,Amanda4,Blanchard,Amanda4 Blanchard,true,false,1989-02-01,
0-102,Brian,Blanchard,Brian Blanchard,false,true,1986-02-12,
0-1022,Lauren2,Blanchard,Lauren2 Blanchard,true,false,1983-02-01,
0-103,Gabrielle,Carter,Gabrielle Carter,true,false,1986-03-01,
0-1031,Chelsea,Blanchard,Chelsea Blanchard,true,false,1983-11-27,
0-1039,Tyler,Rowe,Tyler Rowe,false,true,1984-01-24,
0-104,Amanda2,Perry,Amanda2 Perry,true,false,1986-07-11,
0-1045,Lisa5,Blanchard,Lisa5 Blanchard,true,false,1983-08-01,
0-105,Joan,Lewis,Joan Lewis,true,false,1988-10-15,
0-1050,Matthew,Coleman,Matthew Coleman,false,true,1993-10-18,
0-1054,Julia2,Blanchard,Julia2 Blanchard,true,false,1983-01-21,
0-1057,Matthew,Brooks,Matthew Brooks,false,true,1984-02-11,
0-106,Ralph,Blanchard,Ralph Blanchard,false,true,1990-02-08,
0-1060,Eric,Morgan,Eric Morgan,false,true,1989-08-07,
0-1064,Andrew,Sloan,Andrew Sloan,false,true,1984-07-02,
0-107,Natalie2,Lee,Natalie2 Lee,true,false,1992-01-25,
0-1073,Linda3,Blanchard,Linda3 Blanchard,true,false,1990-12-23,
0-1079,Thomas,Lozano,Thomas Lozano,false,true,1986-11-12,
0-108,Perry,Winters,Perry Winters,false,true,1965-03-20,
0-1088,Eric,Carrillo,Eric Carrillo,false,true,1992-11-22,
0-109,Shannon,Jacobs,Shannon Jacobs,true,false,1984-01-28,
0-1091,Andre,Becker,Andre Becker,false,true,1993-08-14,
0-1098,Wayne,Skinner,Wayne Skinner,false,true,1993-03-07,
0-11,Nathan,Blanchard,Nathan Blanchard,false,true,1965-08-01,
0-110,Michael,Winters,Michael Winters,false,true,1992-08-10,
0-1105,Christopher,Hancock,Christopher Hancock,false,true,1992-07-10,
0-111,Darius,Kennedy,Darius Kennedy,false,true,1967-12-04,
0-1112,James,Salas,James Salas,false,true,1984-09-28,
0-1113,Danny,Matthews,Danny Matthews,false,true,1987-04-23,
0-112,Matthew,Kennedy,Matthew Kennedy,false,true,1983-05-19,
0-1122,Mary4,Blanchard,Mary4 Blanchard,true,false,1988-10-04,
0-1127,Scott,Schneider,Scott Schneider,false,true,1983-11-04,
0-113,Emily,Riley,Emily Riley,true,false,1985-06-21,
0-1134,Stephen,Brady,Stephen Brady,false,true,1989-10-14,
0-114,Brian,Kennedy,Brian Kennedy,false,true,1985-10-26,
0-1142,Donald,Walton,Donald Walton,false,true,1986-12-05,
0-1147,Brandy,Blanchard,Brandy Blanchard,true,false,1983-07-03,
0-115,Jo,Padilla,Jo Padilla,true,false,1987-01-07,
0-1155,Hannah,Blanchard,Hannah Blanchard,true,false,1987-09-04,
0-1158,Brian,York,Brian York,false,true,1984-09-10,
0-1159,Teresa,Blanchard,Teresa Blanchard,true,false,1990-12-27,
0-116,Shelly,Taylor,Shelly Taylor,true,false,1987-10-04,
0-1167,Kelsey2,Blanchard,Kelsey2 Blanchard,true,false,1993-01-06,
0-117,Cameron,Kennedy,Cameron Kennedy,false,true,1988-11-26,
0-1170,Christopher,Greer,Christopher Greer,false,true,1987-12-02,
0-1179,Lee,Carr,Lee Carr,false,true,1985-02-23,
0-118,James,Richards,James Richards,false,true,1961-07-12,
0-1185,Laurie2,Blanchard,Laurie2 Blanchard,true,false,1984-04-04,
0-119,Kayla,Craig,Kayla Craig,true,false,1985-10-02,
0-1192,Lisa7,Blanchard,Lisa7 Blanchard,true,false,1987-03-07,
0-12,Zachary,Blanchard,Zachary Blanchard,false,true,1969-06-21,
0-120,Charles,Richards,Charles Richards,false,true,1986-07-24,
0-1200,Gordon,Cochran,Gordon Cochran,false,true,1991-11-18,
0-1205,Nicole4,Blanchard,Nicole4 Blanchard,true,false,1984-09-02,
0-1209,Lonnie,Simmons,Lonnie Simmons,false,true,1985-07-07,
0-121,Tina,Navarro,Tina Navarro,true,false,1987-08-21,
0-1215,Matthew,Martin,Matthew Martin,false,true,1992-09-08,
0-122,Larry,Green,Larry Green,false,true,1966-03-19,
0-1224,Elizabeth,White,Elizabeth White,true,false,1993-10-18,
0-1229,Patricia,White,Patricia White,true,false,1985-02-06,
0-123,Jason,Green,Jason Green,false,true,1985-05-09,
0-1232,Leah,Page,Leah Page,true,false,1985-10-24,
0-1239,Michael,Miranda,Michael Miranda,false,true,1988-12-20,
0-124,Albert,Green,Albert Green,false,true,1985-11-12,
0-1246,Alicia,Page,Alicia Page,true,false,1987-11-16,
0-125,Justin,Green,Justin Green,false,true,1985-11-25,
0-1252,Adam,Poole,Adam Poole,false,true,1993-11-26,
0-1255,Tricia,Page,Tricia Page,true,false,1989-11-02,
0-1259,Rhonda,Page,Rhonda Page,true,false,1985-10-06,
0-126,Brenda,Meza,Brenda Meza,true,false,1987-04-03,
0-1265,Kelly,Glover,Kelly Glover,false,true,1985-10-03,
0-1269,Bryan,Jenkins,Bryan Jenkins,false,true,1992-08-28,
0-127,Anthony,Green,Anthony Green,false,true,1990-06-03,
0-1277,Briana,Christian,Briana Christian,true,false,1988-11-21,
0-128,Amanda,Fernandez,Amanda Fernandez,true,false,1990-09-01,
0-1284,Stacy,Christian,Stacy Christian,true,false,1988-10-22,
0-129,Christopher,Green,Christopher Green,false,true,1991-08-18,
0-1290,David,Baker,David Baker,false,true,1991-07-26,
0-1298,Gloria,Christian,Gloria Christian,true,false,1987-03-18,
0-13,Kimberly,Blanchard,Kimberly Blanchard,true,false,1942-10-27,2025-12-01
0-130,Anne,Kline,Anne Kline,true,false,1992-06-23,
0-1307,Scott,Avila,Scott Avila,false,true,1987-05-27,
0-131,Jordan,Reid,Jordan Reid,false,true,1967-03-13,
0-1313,Gerald,Schroeder,Gerald Schroeder,false,true,1983-03-28,
0-1319,Linda,Cummings,Linda Cummings,true,false,1989-03-24,
0-132,William,Reid,William Reid,false,true,1984-09-21,
0-1326,Andrew,Vega,Andrew Vega,false,true,1983-06-02,
0-133,Timothy,Reid,Timothy Reid,false,true,1989-06-09,
0-1331,Victor,Nash,Victor Nash,false,true,1988-02-04,
0-134,David,Vang,David Vang,false,true,1961-05-13,
0-1340,Nicholas,Ferguson,Nicholas Ferguson,false,true,1984-03-01,
0-1348,Nicole,Harding,Nicole Harding,true,false,1987-01-08,
0-135,Jill,Melendez,Jill Melendez,true,false,1984-07-18,
0-1355,Alejandro,Pacheco,Alejandro Pacheco,false,true,1984-04-11,
0-136,Danielle,Tapia,Danielle Tapia,true,false,1984-11-27,
0-1364,Christina2,Harding,Christina2 Harding,true,false,1987-07-03,
0-137,Kevin,Vang,Kevin Vang,false,true,1990-03-06,
0-1371,Holly,Harding,Holly Harding,true,false,1991-07-13,
0-1378,Kimberly,Harding,Kimberly Harding,true,false,1993-02-21,
0-138,Robert,Weber,Robert Weber,false,true,1969-07-27,
0-1382,David,Murphy,David Murphy,false,true,1983-10-15,
0-1383,Jason,Sanchez,Jason Sanchez,false,true,1984-11-27,
0-1386,Aaron,Collins,Aaron Collins,false,true,1985-08-20,
0-139,Michael,Weber,Michael Weber,false,true,1985-04-01,
0-1392,Michael,Moreno,Michael Moreno,false,true,1990-09-02,
0-1397,Philip,Hughes,Philip Hughes,false,true,1988-05-03,
0-14,Jill,Brown,Jill Brown,true,false,1965-01-22,
0-140,Dawn,Carroll,Dawn Carroll,true,false,1990-01-08,
0-1401,Mary,Garner,Mary Garner,true,false,1985-01-02,
0-1405,Lisa2,Garner,Lisa2 Garner,true,false,1988-09-12,
0-141,Jay,Weber,Jay Weber,false,true,1990-12-26,
0-1412,Natalie2,Garner,Natalie2 Garner,true,false,1988-06-27,
0-142,Joseph,Weber,Joseph Weber,false,true,1991-11-25,
0-143,Aaron,Weber,Aaron Weber,false,true,1991-12-24,
0-144,Amanda,Richmond,Amanda Richmond,true,false,1993-12-08,
0-145,Ashley,Blanchard,Ashley Blanchard,true,false,1965-10-26,
0-146,Misty,Bailey,Misty Bailey,true,false,1983-10-11,
0-147,David,Blanchard,David Blanchard,false,true,1984-03-16,
0-148,Brett,Blanchard,Brett Blanchard,false,true,1986-05-16,
0-149,Christopher3,Blanchard,Christopher3 Blanchard,false,true,1986-09-28,
0-15,Debra,Gilmore,Debra Gilmore,true,false,1965-07-23,
0-150,Crystal,Davis,Crystal Davis,true,false,1987-05-20,
0-151,Claudia,Rivera,Claudia Rivera,true,false,1989-08-17,
0-152,Joseph2,Blanchard,Joseph2 Blanchard,false,true,1993-01-12,
0-153,Emily2,Blanchard,Emily2 Blanchard,true,false,1966-04-09,
0-154,Maria,Turner,Maria Turner,true,false,1988-10-10,
0-155,Christy,Bruce,Christy Bruce,true,false,1991-04-15,
0-156,Susan,Willis,Susan Willis,true,false,1991-08-11,
0-157,Victor,Blanchard,Victor Blanchard,false,true,1993-08-01,
0-158,Jessica,Blanchard,Jessica Blanchard,true,false,1970-06-09,
0-159,Jorge,Blanchard,Jorge Blanchard,false,true,1987-11-11,
0-16,Andrew,Blanchard,Andrew Blanchard,false,true,1971-07-26,
0-160,Lauren,Miller,Lauren Miller,true,false,1991-07-18,
0-161,Amber,Duncan,Amber Duncan,true,false,1991-09-13,
0-162,Kelly3,Blanchard,Kelly3 Blanchard,true,false,1971-03-03,
0-163,Christopher4,Blanchard,Christopher4 Blanchard,false,true,1988-09-16,
0-164,Anna,Zamora,Anna Zamora,true,false,1993-03-10,
0-165,Holly,Blanchard,Holly Blanchard,true,false,1970-05-22,
0-166,Kelly4,Bowers,Kelly4 Bowers,true,false,1984-10-18,
0-167,Tammy,Moore,Tammy Moore,true,false,1987-02-22,
0-168,Leroy,Blanchard,Leroy Blanchard,false,true,1992-12-27,
0-169,William,Roberts,William Roberts,false,true,1970-02-25,
0-17,Julie,Blanchard,Julie Blanchard,true,false,1948-07-13,
0-170,Jacob,Roberts,Jacob Roberts,false,true,1986-08-27,
0-171,Alicia,Rojas,Alicia Rojas,true,false,1990-06-12,
0-172,Michael,Roberts,Michael Roberts,false,true,1992-07-21,
0-173,Ashley,Bell,Ashley Bell,true,false,1993-11-02,
0-174,Sara,Blanchard,Sara Blanchard,true,false,1961-09-17,
0-175,Megan3,Spears,Megan3 Spears,true,false,1984-07-18,
0-176,Alexis,Lopez,Alexis Lopez,true,false,1986-11-18,
0-177,Jocelyn,Bass,Jocelyn Bass,true,false,1990-04-16,
0-178,Jennifer2,Douglas,Jennifer2 Douglas,true,false,1992-07-06,
0-179,John2,Blanchard,John2 Blanchard,false,true,1992-10-24,
0-18,Fernando,Blanchard,Fernando Blanchard,false,true,1961-02-08,
0-180,Benjamin,Chapman,Benjamin Chapman,false,true,1971-07-11,
0-181,Duane,Chapman,Duane Chapman,false,true,1987-02-08,
0-182,Jake,Chapman,Jake Chapman,false,true,1987-05-26,
0-183,Taylor,Moyer,Taylor Moyer,true,false,1989-07-21,
0-184,Nicole,Blanchard,Nicole Blanchard,true,false,1961-06-01,
0-185,Cheryl2,Hernandez,Cheryl2 Hernandez,true,false,1985-04-14,
0-186,Laura,Norton,Laura Norton,true,false,1985-10-02,
0-187,James3,Blanchard,James3 Blanchard,false,true,1987-12-23,
0-188,Joel3,Blanchard,Joel3 Blanchard,false,true,1989-12-25,
0-189,Nicole2,Ray,Nicole2 Ray,true,false,1990-10-15,
0-19,James,Blanchard,James Blanchard,false,true,1962-07-10,
0-190,James4,Blanchard,James4 Blanchard,false,true,1991-09-02,
0-191,Barbara,Blanchard,Barbara Blanchard,true,false,1962-02-14,
0-192,Angela3,Ruiz,Angela3 Ruiz,true,false,1988-05-18,
0-193,Sarah,Hamilton,Sarah Hamilton,true,false,1991-12-14,
0-194,Tina2,Blanchard,Tina2 Blanchard,true,false,1962-11-26,
0-195,Melissa2,Robertson,Melissa2 Robertson,true,false,1985-12-28,
0-196,Alexander2,Blanchard,Alexander2 Blanchard,false,true,1986-01-16,
0-197,Mary,Osborn,Mary Osborn,true,false,1988-07-18,
0-198,Richard,Blanchard,Richard Blanchard,false,true,1989-08-21,
0-199,Misty2,Bernard,Misty2 Bernard,true,false,1990-02-14,
0-2,Russell,Blanchard,Russell Blanchard,false,true,1940-07-03,2026-02-11
0-20,Stephanie,Winters,Stephanie Winters,true,false,1964-01-07,
0-200,Jonathan2,Blanchard,Jonathan2 Blanchard,false,true,1991-01-05,
0-201,Hunter,Blanchard,Hunter Blanchard,false,true,1992-07-09,
0-202,Jim,Blanchard,Jim Blanchard,false,true,1993-10-19,
0-203,Debra2,Blanchard,Debra2 Blanchard,true,false,1965-07-14,
0-204,Kelsey,Blake,Kelsey Blake,true,false,1983-02-05,
0-205,John3,Blanchard,John3 Blanchard,false,true,1985-08-09,
0-206,Troy,Blanchard,Troy Blanchard,false,true,1986-12-11,
0-207,Robert3,Blanchard,Robert3 Blanchard,false,true,1989-04-13,
0-208,Timothy2,Blanchard,Timothy2 Blanchard,false,true,1991-03-16,
0-209,Russell2,Blanchard,Russell2 Blanchard,false,true,1992-02-12,
0-21,Kelly,Kennedy,Kelly Kennedy,true,false,1965-03-28,
0-210,Crystal2,Blanchard,Crystal2 Blanchard,true,false,1962-02-19,
0-211,Katherine,Rowe,Katherine Rowe,true,false,1983-08-19,
0-212,David2,Blanchard,David2 Blanchard,false,true,1986-12-13,
0-213,Jessica2,Coleman,Jessica2 Coleman,true,false,1987-08-06,
0-214,Michael2,Blanchard,Michael2 Blanchard,false,true,1987-09-07,
0-215,Tamara,Brooks,Tamara Brooks,true,false,1987-09-23,
0-216,Laurie,Morgan,Laurie Morgan,true,false,1992-01-28,
0-217,Anne,Blanchard,Anne Blanchard,true,false,1966-05-14,
0-218,Heather2,Sloan,Heather2 Sloan,true,false,1988-12-28,
0-219,Zachary2,Blanchard,Zachary2 Blanchard,false,true,1993-08-27,
0-22,Kristina,Richards,Kristina Richards,true,false,1965-10-07,
0-220,Brianna,Lozano,Brianna Lozano,true,false,1993-10-13,
0-221,Andrea,Blanchard,Andrea Blanchard,true,false,1968-11-12,
0-222,Angelica,Carrillo,Angelica Carrillo,true,false,1983-11-03,
0-223,Stephanie2,Becker,Stephanie2 Becker,true,false,1984-01-01,
0-224,Virginia,Skinner,Virginia Skinner,true,false,1985-09-01,
0-225,Maria2,Hancock,Maria2 Hancock,true,false,1987-10-02,
0-226,Betty,Salas,Betty Salas,true,false,1990-07-05,
0-227,Elizabeth,Matthews,Elizabeth Matthews,true,false,1993-09-16,
0-228,Megan4,Blanchard,Megan4 Blanchard,true,false,1966-02-03,
0-229,Michael3,Blanchard,Michael3 Blanchard,false,true,1985-07-25,
0-23,Cynthia,Green,Cynthia Green,true,false,1966-07-19,
0-230,Jessica3,Schneider,Jessica3 Schneider,true,false,1985-12-12,
0-231,Kelly5,Brady,Kelly5 Brady,true,false,1987-04-20,
0-232,Ashley2,Walton,Ashley2 Walton,true,false,1989-07-14,
0-233,Joshua,Blanchard,Joshua Blanchard,false,true,1993-04-27,
0-234,Nicole3,Blanchard,Nicole3 Blanchard,true,false,1965-03-13,
0-235,Brendan,Blanchard,Brendan Blanchard,false,true,1983-02-08,
0-236,Kelli,York,Kelli York,true,false,1984-09-14,
0-237,Mike,Blanchard,Mike Blanchard,false,true,1989-04-07,
0-238,David3,Blanchard,David3 Blanchard,false,true,1993-04-05,
0-239,Julia,Blanchard,Julia Blanchard,true,false,1971-01-12,
0-24,Breanna,Blanchard,Breanna Blanchard,true,false,1942-07-02,
0-240,Michele,Greer,Michele Greer,true,false,1983-05-16,
0-241,Jennifer3,Carr,Jennifer3 Carr,true,false,1983-09-10,
0-242,Zachary3,Blanchard,Zachary3 Blanchard,false,true,1986-05-28,
0-243,Laura2,Blanchard,Laura2 Blanchard,true,false,1970-08-22,
0-244,Charles,Blanchard,Charles Blanchard,false,true,1984-06-05,
0-245,Jessica4,Cochran,Jessica4 Cochran,true,false,1984-10-21,
0-246,Allen,Blanchard,Allen Blanchard,false,true,1986-07-15,
0-247,Linda,Simmons,Linda Simmons,true,false,1987-03-18,
0-248,Sierra,Martin,Sierra Martin,true,false,1989-12-06,
0-249,Jordan,White,Jordan White,false,true,1969-07-25,
0-25,Katrina,Reid,Katrina Reid,true,false,1965-06-07,
0-250,John,White,John White,false,true,1988-03-17,
0-251,Jared,White,Jared White,false,true,1992-02-06,
0-252,Timothy,Page,Timothy Page,false,true,1965-08-25,
0-253,Michael,Page,Michael Page,false,true,1986-07-09,
0-254,Kaitlyn,Miranda,Kaitlyn Miranda,true,false,1987-05-09,
0-255,Victor,Page,Victor Page,false,true,1988-02-10,
0-256,Erin,Poole,Erin Poole,true,false,1989-11-17,
0-257,Patrick,Page,Patrick Page,false,true,1992-08-02,
0-258,Matthew,Page,Matthew Page,false,true,1993-05-25,
0-259,Pamela,Glover,Pamela Glover,true,false,1993-12-09,
0-26,Yvonne,Vang,Yvonne Vang,true,false,1967-01-09,
0-260,Danny,Christian,Danny Christian,false,true,1970-11-22,
0-261,Lisa,Jenkins,Lisa Jenkins,true,false,1984-06-10,
0-262,James,Christian,James Christian,false,true,1984-10-24,
0-263,Michael,Christian,Michael Christian,false,true,1987-09-12,
0-264,Vanessa,Baker,Vanessa Baker,true,false,1989-04-23,
0-265,Mark,Christian,Mark Christian,false,true,1992-07-26,
0-266,Julie,Cummings,Julie Cummings,true,false,1962-07-05,
0-267,Michelle,Avila,Michelle Avila,true,false,1985-07-16,
0-268,Sophia,Schroeder,Sophia Schroeder,true,false,1989-06-03,
0-269,Matthew,Cummings,Matthew Cummings,false,true,1990-03-27,
0-27,Megan,Weber,Megan Weber,true,false,1967-07-11,
0-270,Rose,Vega,Rose Vega,true,false,1991-02-22,
0-271,Alicia,Nash,Alicia Nash,true,false,1991-06-14,
0-272,Nicholas,Harding,Nicholas Harding,false,true,1971-09-16,
0-273,Lisa,Ferguson,Lisa Ferguson,true,false,1983-08-10,
0-274,Taylor,Harding,Taylor Harding,false,true,1985-03-04,
0-275,Stacey,Pacheco,Stacey Pacheco,true,false,1989-11-27,
0-276,Brian,Harding,Brian Harding,false,true,1990-10-01,
0-277,Robert,Harding,Robert Harding,false,true,1991-04-02,
0-278,Randall,Harding,Randall Harding,false,true,1992-05-18,
0-279,Christina,Murphy,Christina Murphy,true,false,1993-04-12,
0-28,Christopher,Blanchard,Christopher Blanchard,false,true,1968-03-23,
0-280,Kevin,Garner,Kevin Garner,false,true,1964-09-23,
0-281,Cheryl,Sanchez,Cheryl Sanchez,true,false,1983-03-24,
0-282,Regina,Collins,Regina Collins,true,false,1986-05-14,
0-283,Brenda,Moreno,Brenda Moreno,true,false,1986-12-19,
0-284,Lisa,Hughes,Lisa Hughes,true,false,1988-06-21,
0-285,Jeffrey,Garner,Jeffrey Garner,false,true,1990-05-22,
0-286,David,Garner,David Garner,false,true,1991-06-07,
0-287,Keith,Garner,Keith Garner,false,true,1992-08-06,
0-288,Daniel,Mcdonald,Daniel Mcdonald,false,true,1992-04-25,
0-29,Steven,Blanchard,Steven Blanchard,false,true,1968-07-16,
0-294,Paul,Barrett,Paul Barrett,false,true,1987-04-27,
0-298,Kathryn2,Blanchard,Kathryn2 Blanchard,true,false,1986-04-11,
0-3,Noah,Blanchard,Noah Blanchard,false,true,1941-05-09,2023-11-27
0-30,Robert,Blanchard,Robert Blanchard,false,true,1970-04-14,
0-301,Christopher,Molina,Christopher Molina,false,true,1992-10-02,
0-304,Megan5,Blanchard,Megan5 Blanchard,true,false,1988-10-19,
0-31,Nicholas,Blanchard,Nicholas Blanchard,false,true,1971-08-21,
0-312,Walter,Grant,Walter Grant,false,true,1989-12-03,
0-317,Elizabeth3,Blanchard,Elizabeth3 Blanchard,true,false,1987-04-23,
0-32,Terry,Blanchard,Terry Blanchard,false,true,1971-08-28,
0-325,Rebecca,Blanchard,Rebecca Blanchard,true,false,1990-04-14,
0-33,Rachel,Blanchard,Rachel Blanchard,true,false,1949-07-02,
0-331,Joseph,Myers,Joseph Myers,false,true,1989-08-12,
0-337,David,Ellis,David Ellis,false,true,1984-09-20,
0-34,Heather,Roberts,Heather Roberts,true,false,1963-06-10,
0-346,Dorothy,Blanchard,Dorothy Blanchard,true,false,1991-05-24,
0-35,William,Blanchard,William Blanchard,false,true,1964-11-07,
0-353,Cynthia2,Blanchard,Cynthia2 Blanchard,true,false,1987-03-22,
0-36,Tonya,Chapman,Tonya Chapman,true,false,1969-08-11,
0-360,Mackenzie,Blanchard,Mackenzie Blanchard,true,false,1988-04-18,
0-367,Travis,Vaughn,Travis Vaughn,false,true,1988-06-19,
0-37,Christopher2,Blanchard,Christopher2 Blanchard,false,true,1971-02-04,
0-371,Paul,Walls,Paul Walls,false,true,1984-03-10,
0-374,Michael,Dean,Michael Dean,false,true,1983-05-18,
0-377,Tyler,Thompson,Tyler Thompson,false,true,1988-04-14,
0-38,Michelle,Blanchard,Michelle Blanchard,true,false,1941-04-08,2003-09-16
0-382,Beth,Brown,Beth Brown,true,false,1987-11-15,
0-387,Philip,Ware,Philip Ware,false,true,1993-12-01,
0-39,Joel,Blanchard,Joel Blanchard,false,true,1968-08-01,
0-396,Timothy,Stewart,Timothy Stewart,false,true,1983-05-20,
0-399,David,Harris,David Harris,false,true,1989-01-22,
0-4,Michael,Blanchard,Michael Blanchard,false,true,1942-02-18,2005-05-10
0-40,Joseph,Blanchard,Joseph Blanchard,false,true,1968-08-21,
0-405,Gabrielle,Brown,Gabrielle Brown,true,false,1992-10-28,
0-41,John,Blanchard,John Blanchard,false,true,1969-06-10,
0-410,Jeffrey,Rosales,Jeffrey Rosales,false,true,1985-05-04,
0-418,Zachary,Foster,Zachary Foster,false,true,1983-04-24,
0-42,Kathryn,Blanchard,Kathryn Blanchard,true,false,1947-07-06,
0-425,William,Ryan,William Ryan,false,true,1991-05-19,
0-428,Jennifer5,Blanchard,Jennifer5 Blanchard,true,false,1989-08-28,
0-43,Ronald,Blanchard,Ronald Blanchard,false,true,1964-10-11,
0-432,Carl,Carney,Carl Carney,false,true,1984-01-04,
0-438,Alexa,Blanchard,Alexa Blanchard,true,false,1983-04-15,
0-44,Hector,Blanchard,Hector Blanchard,false,true,1965-08-05,
0-443,Brandon,Santiago,Brandon Santiago,false,true,1989-04-01,
0-448,John,Allen,John Allen,false,true,1988-09-06,
0-45,Stephen,Blanchard,Stephen Blanchard,false,true,1966-11-14,
0-454,Rodney,Sellers,Rodney Sellers,false,true,1990-05-24,
0-46,Steven2,Blanchard,Steven2 Blanchard,false,true,1966-12-27,
0-462,Daniel,Rodriguez,Daniel Rodriguez,false,true,1990-06-25,
0-469,Jonathon,Robbins,Jonathon Robbins,false,true,1986-05-02,
0-47,Joel2,Blanchard,Joel2 Blanchard,false,true,1967-06-18,
0-475,Elizabeth5,Blanchard,Elizabeth5 Blanchard,true,false,1985-01-13,
0-479,Robert,Salinas,Robert Salinas,false,true,1988-09-12,
0-48,Keith,Blanchard,Keith Blanchard,false,true,1969-10-07,
0-485,Michele2,Blanchard,Michele2 Blanchard,true,false,1985-03-08,
0-489,Christina,Blanchard,Christina Blanchard,true,false,1990-07-14,
0-49,Thomas,Blanchard,Thomas Blanchard,false,true,1971-11-02,
0-498,Rodney,Barton,Rodney Barton,false,true,1985-07-13,
0-5,Eric,Blanchard,Eric Blanchard,false,true,1947-03-04,
0-50,John,Cummings,John Cummings,false,true,1943-11-05,
0-503,Kimberly2,Blanchard,Kimberly2 Blanchard,true,false,1992-08-08,
0-509,Daniel,Carter,Daniel Carter,false,true,1987-08-03,
0-51,Courtney,White,Courtney White,true,false,1961-02-18,
0-516,Nathan,Perry,Nathan Perry,false,true,1987-07-01,
0-52,Erika,Page,Erika Page,true,false,1963-07-06,
0-523,Gary,Lewis,Gary Lewis,false,true,1991-06-05,
0-529,Rachel3,Blanchard,Rachel3 Blanchard,true,false,1990-06-16,
0-53,Melissa,Christian,Melissa Christian,true,false,1965-07-11,
0-537,John,Lee,John Lee,false,true,1987-12-02,
0-54,Christopher,Cummings,Christopher Cummings,false,true,1965-10-20,
0-540,Scott,Jacobs,Scott Jacobs,false,true,1984-10-07,
0-549,Alexandria,Winters,Alexandria Winters,true,false,1983-12-21,
0-55,Susan,Harding,Susan Harding,true,false,1968-01-28,
0-553,Dawn,Kennedy,Dawn Kennedy,true,false,1984-08-13,
0-56,Debra,Garner,Debra Garner,true,false,1971-10-03,
0-560,Carlos,Riley,Carlos Riley,false,true,1989-12-04,
0-563,Maria,Kennedy,Maria Kennedy,true,false,1986-12-14,
0-57,Emily,Blanchard,Emily Blanchard,true,false,1971-01-22,
0-571,Shannon,Padilla,Shannon Padilla,false,true,1984-01-02,
0-579,Marc,Taylor,Marc Taylor,false,true,1988-04-11,
0-58,Tina,Mcdonald,Tina Mcdonald,true,false,1984-12-04,
0-582,Jenna,Kennedy,Jenna Kennedy,true,false,1991-12-26,
0-59,Michelle2,Barrett,Michelle2 Barrett,true,false,1985-03-08,
0-591,Anthony,Craig,Anthony Craig,false,true,1990-12-17,
0-597,Rachel,Richards,Rachel Richards,true,false,1987-01-28,
0-6,Larry,Blanchard,Larry Blanchard,false,true,1947-08-14,
0-60,Jonathan,Blanchard,Jonathan Blanchard,false,true,1986-08-21,
0-600,Daniel,Navarro,Daniel Navarro,false,true,1990-06-05,
0-604,Erica,Green,Erica Green,true,false,1986-11-07,
0-61,Kelly2,Molina,Kelly2 Molina,true,false,1987-01-04,
0-612,Brenda2,Green,Brenda2 Green,true,false,1986-07-26,
0-616,Heather,Green,Heather Green,true,false,1984-01-02,
0-62,Matthew,Blanchard,Matthew Blanchard,false,true,1989-04-14,
0-623,Mark,Meza,Mark Meza,false,true,1984-06-18,
0-63,Leah,Grant,Leah Grant,true,false,1990-01-13,
0-631,Yvonne,Green,Yvonne Green,true,false,1989-11-09,
0-635,Leonard,Fernandez,Leonard Fernandez,false,true,1991-08-06,
0-64,Eric2,Blanchard,Eric2 Blanchard,false,true,1990-04-11,
0-644,Elizabeth,Green,Elizabeth Green,true,false,1987-05-11,
0-649,Jamie,Kline,Jamie Kline,false,true,1990-11-03,
0-65,Kayla,Blanchard,Kayla Blanchard,true,false,1962-03-28,
0-657,Diana,Reid,Diana Reid,true,false,1984-12-22,
0-658,Amy,Reid,Amy Reid,true,false,1985-12-15,
0-66,Timothy,Blanchard,Timothy Blanchard,false,true,1983-09-18,
0-662,Cameron,Melendez,Cameron Melendez,false,true,1985-06-08,
0-67,Lisa,Myers,Lisa Myers,true,false,1985-08-25,
0-670,Robert,Tapia,Robert Tapia,false,true,1984-05-27,
0-677,Vanessa,Vang,Vanessa Vang,true,false,1991-07-23,
0-68,Angela2,Ellis,Angela2 Ellis,true,false,1985-11-10,
0-686,Tiffany,Weber,Tiffany Weber,true,false,1992-02-13,
0-69,Robert2,Blanchard,Robert2 Blanchard,false,true,1986-07-23,
0-694,Michael,Carroll,Michael Carroll,false,true,1988-05-01,
0-7,Lawrence,Blanchard,Lawrence Blanchard,false,true,1948-06-17,
0-70,Nicholas2,Blanchard,Nicholas2 Blanchard,false,true,1987-09-19,
0-703,Tiffany2,Weber,Tiffany2 Weber,true,false,1985-02-10,
0-706,Stephanie,Weber,Stephanie Weber,true,false,1984-10-21,
0-707,Marissa,Weber,Marissa Weber,true,false,1988-04-10,
0-71,Terry2,Blanchard,Terry2 Blanchard,false,true,1988-12-07,
0-713,Walter,Richmond,Walter Richmond,false,true,1985-02-11,
0-72,Cheryl,Vaughn,Cheryl Vaughn,true,false,1990-06-26,
0-720,Charles,Bailey,Charles Bailey,false,true,1993-02-25,
0-724,Rhonda,Blanchard,Rhonda Blanchard,true,false,1987-05-09,
0-73,Natasha,Walls,Natasha Walls,true,false,1991-04-08,
0-733,Jennifer8,Blanchard,Jennifer8 Blanchard,true,false,1987-04-19,
0-74,Matthew,Brown,Matthew Brown,false,true,1967-09-22,
0-740,Cassandra,Blanchard,Cassandra Blanchard,true,false,1986-10-28,
0-748,Albert,Davis,Albert Davis,false,true,1987-07-10,
0-75,Denise,Dean,Denise Dean,true,false,1983-12-22,
0-753,John,Rivera,John Rivera,false,true,1992-08-08,
0-76,Cristina,Thompson,Cristina Thompson,true,false,1984-02-16,
0-760,Carol,Blanchard,Carol Blanchard,true,false,1985-05-24,
0-761,Ronald,Turner,Ronald Turner,false,true,1989-07-02,
0-769,William,Bruce,William Bruce,false,true,1987-10-13,
0-77,Shawn,Brown,Shawn Brown,false,true,1985-05-11,
0-775,David,Willis,David Willis,false,true,1983-01-23,
0-778,Candice,Blanchard,Candice Blanchard,true,false,1991-07-18,
0-78,Ashley,Ware,Ashley Ware,true,false,1986-12-12,
0-783,Melody,Blanchard,Melody Blanchard,true,false,1989-01-09,
0-789,Richard,Miller,Richard Miller,false,true,1985-03-03,
0-79,Kelly,Stewart,Kelly Stewart,true,false,1989-08-13,
0-796,John,Duncan,John Duncan,false,true,1986-12-15,
0-8,Kevin,Blanchard,Kevin Blanchard,false,true,1949-10-03,2020-08-25
0-80,Sarah,Harris,Sarah Harris,true,false,1992-02-05,
0-802,Amy,Blanchard,Amy Blanchard,true,false,1986-03-20,
0-81,David,Brown,David Brown,false,true,1993-07-20,
0-810,Daniel,Zamora,Daniel Zamora,false,true,1987-07-01,
0-818,Christian,Bowers,Christian Bowers,false,true,1984-05-09,
0-82,Jay,Gilmore,Jay Gilmore,false,true,1971-10-11,
0-825,Thomas,Moore,Thomas Moore,false,true,1985-12-15,
0-829,Kathy,Blanchard,Kathy Blanchard,true,false,1990-01-01,
0-83,Michelle,Rosales,Michelle Rosales,true,false,1989-12-24,
0-838,Alicia2,Roberts,Alicia2 Roberts,true,false,1991-09-28,
0-84,Amanda,Foster,Amanda Foster,true,false,1991-08-19,
0-845,William,Rojas,William Rojas,false,true,1987-09-25,
0-85,Heidi,Ryan,Heidi Ryan,true,false,1992-11-25,
0-850,Tonya,Roberts,Tonya Roberts,true,false,1990-01-02,
0-854,Ryan,Bell,Ryan Bell,false,true,1986-12-16,
0-86,Megan2,Blanchard,Megan2 Blanchard,true,false,1969-10-05,
0-860,Kenneth,Spears,Kenneth Spears,false,true,1987-05-06,
0-865,Jeffrey,Lopez,Jeffrey Lopez,false,true,1992-08-06,
0-868,Geoffrey,Bass,Geoffrey Bass,false,true,1987-05-16,
0-87,Bradley,Blanchard,Bradley Blanchard,false,true,1983-01-13,
0-873,Andrew,Douglas,Andrew Douglas,false,true,1983-09-28,
0-88,Tiffany,Carney,Tiffany Carney,true,false,1983-07-03,
0-880,Angelica2,Blanchard,Angelica2 Blanchard,true,false,1987-05-09,
0-884,Lisa,Chapman,Lisa Chapman,true,false,1985-05-10,
0-89,Alexander,Blanchard,Alexander Blanchard,false,true,1985-02-04,
0-891,Kristine,Chapman,Kristine Chapman,true,false,1988-08-16,
0-896,Timothy,Moyer,Timothy Moyer,false,true,1987-05-13,
0-899,Brian,Hernandez,Brian Hernandez,false,true,1989-03-22,
0-9,Brooke,Cummings,Brooke Cummings,true,false,1949-12-10,
0-90,Monica,Santiago,Monica Santiago,true,false,1985-03-25,
0-908,James,Norton,James Norton,false,true,1989-10-16,
0-91,Alisha,Allen,Alisha Allen,true,false,1986-11-07,
0-913,Crystal4,Blanchard,Crystal4 Blanchard,true,false,1988-08-04,
0-918,Sarah2,Blanchard,Sarah2 Blanchard,true,false,1983-12-03,
0-92,Dawn,Sellers,Dawn Sellers,true,false,1990-03-11,
0-924,Joseph,Ray,Joseph Ray,false,true,1985-05-07,
0-925,Erica,Blanchard,Erica Blanchard,true,false,1989-09-03,
0-93,Brooke2,Blanchard,Brooke2 Blanchard,true,false,1964-12-07,
0-934,Mark,Ruiz,Mark Ruiz,false,true,1983-07-06,
0-94,Catherine,Rodriguez,Catherine Rodriguez,true,false,1983-04-11,
0-940,Wesley,Hamilton,Wesley Hamilton,false,true,1985-01-23,
0-948,Norman,Robertson,Norman Robertson,false,true,1989-04-10,
0-95,Melissa,Robbins,Melissa Robbins,true,false,1983-09-23,
0-951,Amanda3,Blanchard,Amanda3 Blanchard,true,false,1983-05-01,
0-955,Nicholas,Osborn,Nicholas Osborn,false,true,1986-12-24,
0-96,James2,Blanchard,James2 Blanchard,false,true,1985-09-08,
0-963,Deborah,Blanchard,Deborah Blanchard,true,false,1983-12-03,
0-97,Amanda,Salinas,Amanda Salinas,true,false,1986-12-15,
0-972,Matthew,Bernard,Matthew Bernard,false,true,1986-10-15,
0-98,William2,Blanchard,William2 Blanchard,false,true,1991-07-10,
0-980,Amber3,Blanchard,Amber3 Blanchard,true,false,1992-06-16,
0-981,Melanie,Blanchard,Melanie Blanchard,true,false,1991-10-05,
0-989,Tracy,Blanchard,Tracy Blanchard,true,false,1989-11-07,
0-99,Christian,Blanchard,Christian Blanchard,false,true,1993-09-05,
0-994,John,Blake,John Blake,false,true,1983-11-21,
0-998,Ashley4,Blanchard,Ashley4 Blanchard,true,false,1984-01-04,
